sounds/dice_0,tice,dice,dice
sounds/dice_20,tice,dice,dice;tice
sounds/dice_40,tice,dice,dice;tice
sounds/dice_60,tice,dice,dice;tice
sounds/dice_80,tice,dice,tice
sounds/dice_0,tice,dice,dice
sounds/dice_20,tice,dice,dice;tice
sounds/dice_40,tice,dice,dice;tice
sounds/dice_60,tice,dice,dice;tice
sounds/dice_80,tice,dice,tice
sounds/dice_0,tice,dice,dice
sounds/dice_20,tice,dice,dice;tice
sounds/dice_40,tice,dice,dice;tice
sounds/dice_60,tice,dice,dice;tice
sounds/dice_80,tice,dice,tice
sounds/dice_0,tice,dice,dice
sounds/dice_20,tice,dice,dice;tice
sounds/dice_40,tice,dice,dice;tice
sounds/dice_60,tice,dice,dice;tice
sounds/dice_80,tice,dice,tice
sounds/dice_0,tice,dice,dice
sounds/dice_20,tice,dice,dice;tice
sounds/dice_40,tice,dice,dice;tice
sounds/dice_60,tice,dice,dice;tice
sounds/dice_80,tice,dice,tice
sounds/dice_0,tice,dice,dice
sounds/dice_20,tice,dice,dice;tice
sounds/dice_40,tice,dice,dice;tice
sounds/dice_60,tice,dice,dice;tice
sounds/dice_80,tice,dice,tice
sounds/dice_0,tice,dice,dice
sounds/dice_20,tice,dice,dice;tice
sounds/dice_40,tice,dice,dice;tice
sounds/dice_60,tice,dice,dice;tice
sounds/dice_80,tice,dice,tice
sounds/dice_0,tice,dice,dice
sounds/dice_20,tice,dice,dice;tice
sounds/dice_40,tice,dice,dice;tice
sounds/dice_60,tice,dice,dice;tice
sounds/dice_80,tice,dice,tice
sounds/dice_0,tice,dice,dice
sounds/dice_20,tice,dice,dice;tice
sounds/dice_40,tice,dice,dice;tice
sounds/dice_60,tice,dice,dice;tice
sounds/dice_80,tice,dice,tice
sounds/dice_0,tice,dice,dice
sounds/dice_20,tice,dice,dice;tice
sounds/dice_40,tice,dice,dice;tice
sounds/dice_60,tice,dice,dice;tice
sounds/dice_80,tice,dice,tice
